epoch,train_loss,train_acc,val_loss,val_acc
0,0.693147,0.499967,4511790311.384615,0.506010
1,0.693147,0.500134,4560381566.358974,0.505208
